adspend,hardcosts,revenue,avg_polarity,avg_subjectivity,std_polarity,std_subjectivity,words,triggers,links,percentSocial,percentDisplay,,percentSearch,visits,monthlyVisitsChange,bounceRate,global,percentPaid,sales,adRevenue,cac,roas,profit,profitMargin,lpc,averageOrderValue,apparel,ecommerce,entrepreneurship,film,finance,fitness,health,marketing,nutrition,photography,productivity,realestate,self-development,skincare,technology,consulting,ecommerce,info,media,software,facebook,instagram,linkedin,other,pinterest,quora,reddit,youtube
5400,27450,45000,0.160366551,0.117678572,0.257803196,0.122915217,746,5,9,24,15,57,9,200000,97,46,9999999,44.13,1000,24750,5.4,4.583333333,12150,0.27,33570,45,0,0,0,0,0,0,1,0,0,0,0,0,0,0,0,0,0,0,0,1,0,0,0,0,0,0,0,1
7500,1500,150000,-0.961786454,0.660141625,0.228723638,0.142751914,849,54,1,31,17,37,0,5000,161,89,9999999,48,30,90000,250,12,141000,0.94,45846,5000,0,0,0,0,0,0,0,1,0,0,0,0,0,0,0,1,0,0,0,0,0,0,1,0,0,0,0,0
13500,68625,112500,0.372978149,0.634394548,0.80449222,0.141803558,875,4,0,20,23,14,9,16000,-294,94,9999999,44.26,113,73000,119.4690265,5.407407407,30375,0.27,0,1000,0,0,0,1,0,0,0,0,0,0,0,0,0,0,0,0,0,0,0,1,0,0,0,0,0,0,0,1
0,165,16500,0.092427645,0.584189451,0.323419996,0.984386887,907,90,2,21,15,48,1,1300,-148,71,9999999,36.48,10,0,0,0,16335,0.99,163260,1650,0,0,0,0,1,0,0,0,0,0,0,0,0,0,0,1,0,0,0,0,1,0,0,0,0,0,0,0
6000,1200,120000,-0.22239501,0.477272058,0.149914358,0.901411948,234,18,2,20,31,45,15,400,112,70,9999999,57.75,4,90000,0,15,112800,0.94,8424,30000,0,0,0,0,0,0,0,0,0,0,0,0,0,0,1,1,0,0,0,0,0,0,1,0,0,0,0,0
45000,228750,375000,-0.355924749,0.978538632,0.466622304,0.230289179,32,54,2,4,32,7,26,22727,-290,34,9999999,37.82,250,282000,1500,6.266666667,101250,0.27,3456,1500,0,0,0,0,0,0,0,0,0,0,0,0,0,0,1,0,0,0,0,1,0,0,0,1,0,0,0,1
0,100,10000,-0.089549574,0.491137868,0.993148716,0.387598149,725,16,10,28,4,11,19,333,244,80,9999999,34.09,4,0,0,0,9900,0.99,116000,2500,0,0,0,0,0,0,0,0,0,0,0,0,0,0,1,1,0,0,0,0,0,0,1,0,0,0,0,0
300000,1525000,2500000,-0.883868897,0.6970201,0.252966847,0.912304418,814,100,8,14,9,10,13,192308,-237,78,9999999,24.3,2500,2000000,120,6.666666667,675000,0.27,651200,1000,0,1,0,0,0,0,0,0,0,0,0,0,0,0,0,0,0,0,0,1,0,1,0,0,0,0,0,0
0,3520,32000,0.178560939,0.364894033,0.307474864,0.714369014,836,50,3,26,19,17,33,286,39,69,9999999,50.61,4,0,0,0,28480,0.89,125400,8000,0,0,0,0,0,0,0,0,0,0,0,0,0,0,1,1,0,0,0,0,0,0,1,0,0,0,0,0
12800,28160,256000,-0.135051923,0.675362367,0.811287373,0.206614484,853,75,9,18,27,4,33,2133,-214,94,9999999,46.32,32,216000,400,16.875,215040,0.84,575775,8000,0,0,0,0,0,0,0,0,0,0,0,0,0,0,1,1,0,0,0,0,0,1,0,0,0,0,0,0
