closed,monthly traffic spend,monthly revenue,% paid traffic,average order value,monthly customers ,visits,monthly visits change,bounce rate,monthly hardcosts,ad revenue,roas,cac,profit,n links lp,n words lp,trigger words  lp,lpc,profit margin,apparel,ecommerce,entrepreneurship,film,finance,fitness,food,freelancing,health,marketing,nutrition,photography,productivity,realestate,self-development,skincare,technology,consulting,ecommerce.1,info,media,restaurant,software,wholesale,facebook,instagram,linkedin,other,pinterest,quora,reddit,youtube
1,54437,583310,12.3,3000,194,86590,-35026,52.53,18666,71747.13,1.317984643,280,510207,2,2140,55,2198,87.47,0,0,1,0,0,0,0,0,0,0,0,0,0,0,0,0,0,0,0,1,0,0,0,0,0,0,0,0,0,0,0,1
1,126095,250000,12.23,97,25773,147290,4448,50.8,8000,30575,0.242475911,5,115905,22.09579233,22.09579233,22.09579233,10787.69697,46.36,0,0,0,0,0,0,0,0,0,0,0,0,0,0,1,0,0,0,0,0,1,0,0,0,0,0,0,0,0,0,0,1
1,139711,1666667,82.83,997,1672,49999,-18005,81.64,53333,1380500,9.881111723,84,1473623,3,108,1,113,88.42,0,0,1,0,0,0,0,0,0,0,0,0,0,0,0,0,0,0,0,1,0,0,0,0,1,0,0,0,0,0,0,0
1,220950,2877110,3.91,297,9687,807270,-202140,50.84,1726266,112495,0.50914234,23,929894,22.09579233,22.09579233,22.09579233,10787.69697,32.32,0,0,1,0,0,0,0,0,0,0,0,0,0,0,0,0,0,0,0,0,0,0,1,0,1,0,0,0,0,0,0,0
1,100000,333333,38.51,2000,167,16700,2505,64.14,200000,128367,1.28367,599,33333,1,14,1,17,10,0,1,0,0,0,0,0,0,0,0,0,0,0,0,0,0,0,0,0,0,0,0,1,0,0,0,0,0,0,0,0,1
1,218815,750000,34.34,99,7576,1950000,309270,65.45,450000,257550,1.177021685,29,81185,1,71,2,75,10.82,0,1,0,0,0,0,0,0,0,0,0,0,0,0,0,0,0,0,0,0,0,0,1,0,1,0,0,0,0,0,0,0
1,3540166,11391660,59.23,297,38356,13070000,858699,54.05,6834996,6747280.218,1.905921987,92,1016498,14,3094,60,3169,8.92,0,0,0,0,0,0,0,0,0,1,0,0,0,0,0,0,0,0,0,0,0,0,1,0,0,0,0,0,0,0,0,1
1,116155,399984,37.92,197,2030,203000,-83230,54,12799,151674,1.305789678,57,271030,1,42,3,47,67.76,0,0,1,0,0,0,0,0,0,0,0,0,0,0,0,0,0,0,0,1,0,0,0,0,1,0,0,0,0,0,0,0
1,348603,1045809,15.99,69,15157,365360,-11655,61.96,33200,167225,0.479700404,11,664006,1,32,1,35,63.49,0,0,0,0,0,1,0,0,0,0,0,0,0,0,0,0,0,0,0,1,0,0,0,0,0,0,0,0,0,0,0,1
1,521329,949962,37.7,1000,950,482210,111391,66.11,30399,401834,0.686966722,549,561427,5,287,5,298,59.01,0,0,0,0,0,1,0,0,0,0,0,0,0,0,0,0,0,0,0,1,0,0,0,0,1,0,0,0,0,0,0,0
1,97574,336000,32.12,6000,56,5600,-37078,57,10752,111283,1.140498493,1742,227674,22.09579233,22.09579233,22.09579233,10787.69697,67.76,0,0,1,0,0,0,0,0,0,0,0,0,0,0,0,0,0,0,0,1,0,0,0,0,1,0,0,0,0,0,0,0
1,45035,78500,41.12,40,1963,52880,915,61.74,27475,32279,0.716753636,23,5990,5,2485,15,2506,7.63,0,0,0,0,0,1,0,0,0,0,0,0,0,0,0,0,0,0,1,0,0,0,0,0,1,0,0,0,0,0,0,0
1,60984,210000,35.12,3000,70,7000,-2520,59,6720,73752,1.209366391,871,143200,22.09579233,22.09579233,22.09579233,10787.69697,67.76,0,0,1,0,0,0,0,0,0,0,0,0,0,0,0,0,0,0,0,1,0,0,0,0,1,0,0,0,0,0,0,0
1,65272,333333,22.28,799,417,431580,53386,59.16,10667,74267,1.137807942,157,257394,2,124,1,128,77.22,0,0,0,1,0,0,0,0,0,0,0,0,0,0,0,0,0,0,0,1,0,0,0,0,0,0,0,0,0,0,0,1
1,198000,495000,0,5000,99,9999,-2100,51,0,2158200,10.9,0,495000,22.09579233,22.09579233,22.09579233,10787.69697,100,0,0,0,0,0,0,0,0,0,1,0,0,0,0,0,0,0,1,0,0,0,0,0,0,0,0,0,0,0,0,0,1
1,14289,49203,37.62,497,99,9999,-2800,62,1574,18510,1.295402058,144,33334,1,135,3,140,67.76,0,0,1,0,0,0,0,0,0,0,0,0,0,0,0,0,0,0,0,1,0,0,0,0,1,0,0,0,0,0,0,0
1,2332049,9250000,60.49,45,205556,1230000,229395,56.61,3237500,5595325,2.399317081,11,3680451,11,4808,0,4820,39.79,1,0,0,0,0,0,0,0,0,0,0,0,0,0,0,0,0,0,1,0,0,0,0,0,1,0,0,0,0,0,0,0
1,67760,233333,36.12,1997,117,11700,-3127,64,7467,84280,1.243801653,579,158106,22.09579233,22.09579233,22.09579233,10787.69697,67.76,0,1,0,0,0,0,0,0,0,0,0,0,0,0,0,0,0,0,0,1,0,0,0,0,1,0,0,0,0,0,0,0
1,36300,125000,35.12,3000,42,4200,-1260,65,4000,43900,1.209366391,865,84700,2,112,8,123,67.76,0,0,1,0,0,0,0,0,0,0,0,0,0,0,0,0,0,0,0,1,0,0,0,0,1,0,0,0,0,0,0,0
1,22767,78408,37.32,792,99,9999,-2400,66,2509,29261,1.285237405,230,53132,7,435,8,451,67.39,0,0,1,0,0,0,0,0,0,0,0,0,0,0,0,0,0,0,0,1,0,0,0,0,1,0,0,0,0,0,0,0
1,198000,495000,0,5000,99,9999,-2800,57,0,2039400,10.3,0,495000,22.09579233,22.09579233,22.09579233,10787.69697,100,0,0,0,0,0,0,0,0,0,1,0,0,0,0,0,0,0,1,0,0,0,0,0,0,0,0,0,0,0,0,0,1
1,31200,78000,0,6000,13,1300,149,58,0,321360,10.3,0,78000,22.09579233,22.09579233,22.09579233,10787.69697,100,0,0,0,0,0,0,0,0,0,1,0,0,0,0,0,0,0,1,0,0,0,0,0,0,0,0,0,0,0,0,0,1
1,198000,495000,0,5000,99,9999,-2600,59,0,1999800,10.1,0,495000,22.09579233,22.09579233,22.09579233,10787.69697,100,0,0,0,0,0,0,0,0,0,1,0,0,0,0,0,0,0,1,0,0,0,0,0,0,0,0,0,0,0,0,0,1
1,41924,416667,12.82,295,1412,72160,284,52.3,0,53417,1.274138918,27,374743,22.09579233,22.09579233,22.09579233,10787.69697,89.94,0,0,0,0,0,0,0,0,0,1,0,0,0,0,0,0,0,1,0,0,0,0,0,0,0,0,0,0,0,0,0,1
1,2558334,51166667,5.5,6396,8000,800000,-243000,61,0,6140000,2.399999375,320,45026667,22.09579233,22.09579233,22.09579233,10787.69697,88,0,0,0,0,1,0,0,0,0,0,0,0,0,0,0,0,0,1,0,0,0,0,0,0,0,0,0,1,0,0,0,0
1,15000,1485,100,15,99,9999,320,58,48,1485,0.099,152,-13563,22.09579233,22.09579233,22.09579233,10787.69697,-9.13,0,0,0,0,0,0,0,0,0,0,0,0,0,0,0,0,1,0,0,1,0,0,0,0,1,0,0,0,0,0,0,0
1,57413,197703,36.12,1997,99,9999,-1700,73,6326,71410,1.243794959,580,133964,7,2776,61,2845,67.76,0,0,0,0,1,0,0,0,0,0,0,0,0,0,0,0,0,0,0,1,0,0,0,0,1,0,0,0,0,0,0,0
1,37125,123750,32.09,1250,99,9999,1499,67.65,74250,39711,1.069656566,375,12375,7,629,11,648,10,0,1,0,0,0,0,0,0,0,0,0,0,0,0,0,0,0,0,0,0,0,0,1,0,1,0,0,0,0,0,0,0
1,133333,333333,0,500,667,66700,-23345,65,0,1266665,9.50001125,0,333333,22.09579233,22.09579233,22.09579233,10787.69697,100,0,0,0,0,0,0,0,0,0,1,0,0,0,0,0,0,0,1,0,0,0,0,0,0,0,0,0,0,0,0,0,1
1,198000,495000,0,5000,99,9999,-3600,66,0,1861200,9.4,0,495000,3,1179,11,1194,100,0,0,0,0,0,0,0,0,0,1,0,0,0,0,0,0,0,1,0,0,0,0,0,0,0,0,0,0,0,0,0,1
0,238224,333333,2.11,16667,20,7190000,-481730,51.23,0,1247311,5.235874639,5245,228442,1,67,2,71,68.53,0,0,0,0,0,0,0,0,0,1,0,0,0,0,0,0,0,1,0,0,0,0,0,0,0,0,0,0,0,0,0,1
0,79200,198000,0,2000,99,9999,-3800,68,0,728640,9.2,0,198000,22.09579233,22.09579233,22.09579233,10787.69697,100,0,0,0,0,0,0,0,0,0,1,0,0,0,0,0,0,0,1,0,0,0,0,0,0,0,0,0,0,0,0,0,1
0,5200,26000,0,2000,13,1300,-507,69,0,36920,7.1,0,26000,22.09579233,22.09579233,22.09579233,10787.69697,100,0,0,0,0,0,0,0,0,0,0,0,0,0,0,0,0,1,1,0,0,0,0,0,0,0,0,0,0,0,0,0,1
0,66667,166667,0,3333,50,5000,-2000,70,0,600003,9,0,166667,22.09579233,22.09579233,22.09579233,10787.69697,100,0,0,0,0,0,0,0,0,0,1,0,0,0,0,0,0,0,1,0,0,0,0,0,0,0,0,0,0,0,0,0,1
0,166845,396825,4.5,2846,139,52670,-25466,77.11,0,1430554,8.57414966,58,388710,22.09579233,22.09579233,22.09579233,10787.69697,97.96,0,0,0,0,0,0,0,0,0,1,0,0,0,0,0,0,0,1,0,0,0,0,0,0,0,0,0,0,0,1,0,0
0,135545,333333,27.24,33,10101,232230,-32652,52.63,116667,90799.092,0.66988153,13,81121,20,20,0,41,24.33,1,0,0,0,0,0,0,0,0,0,0,0,0,0,0,0,0,0,1,0,0,0,0,0,1,0,0,0,0,0,0,0
0,975490,46326084,25.18,297,155980,3040000,64144,53.02,27795650,11664907.95,11.95799849,6,17554944,1,52,4,58,37.89,0,0,0,0,0,0,0,0,0,1,0,0,0,0,0,0,0,0,0,0,0,0,1,0,1,0,0,0,0,0,0,0
0,1250,250000,5.5,210,1190,119000,3512,58.6,150000,13750,11,1,98750,13,26,0,40,39.5,0,0,0,0,0,0,1,0,0,0,0,0,0,0,0,0,0,0,0,0,0,1,0,0,0,0,0,1,0,0,0,0
0,100000,250000,0,2000,125,12500,-3750,75,0,850000,8.5,0,250000,6,858,25,890,100,0,0,0,0,0,0,0,0,0,1,0,0,0,0,0,0,0,1,0,0,0,0,0,0,0,0,0,0,0,0,0,1
0,14097,416667,1.84,15,27779,109450,-27461,76.1,13333,7667,0.543874583,0.5,389237,22.09579233,22.09579233,22.09579233,10787.69697,93.42,0,0,1,0,0,0,0,0,0,0,0,0,0,0,0,0,0,0,0,1,0,0,0,0,1,0,0,0,0,0,0,0
0,11979,476190,2.36,70086,7,72510,94,65.11,0,11238.084,0.93814876,1711,464211,2,268,2,273,97.48,0,0,0,0,0,0,0,0,0,0,0,0,0,1,0,0,0,1,0,0,0,0,0,0,0,0,0,0,0,0,0,1
0,1372626,2083250,7.79,50,41665,33300000,-267300,71.3,66664,162285.175,0.118229711,33,643960,22.09579233,22.09579233,22.09579233,10787.69697,30.9,0,0,0,0,0,0,0,0,1,0,0,0,0,0,0,0,0,0,0,1,0,0,0,0,1,0,0,0,0,0,0,0
0,79200,198000,0,2000,99,9999,-3000,79,0,641520,8.1,0,198000,22.09579233,22.09579233,22.09579233,10787.69697,100,0,0,0,0,0,0,0,0,0,1,0,0,0,0,0,0,0,1,0,0,0,0,0,0,0,0,0,0,0,0,0,1
0,33333,83333,0,5650,15,1500,-450,80,0,266667,8.000090001,0,83333,22.09579233,22.09579233,22.09579233,10787.69697,100,0,0,0,0,0,0,0,0,0,1,0,0,0,0,0,0,0,1,0,0,0,0,0,0,0,0,0,0,0,0,0,1
0,63492,158730,0,3000,53,5300,-1590,81,0,482539,7.59999685,0,158730,3,209,0,627,100,0,0,0,0,0,0,0,0,0,1,0,0,0,0,0,0,0,1,0,0,0,0,0,0,0,0,0,0,0,0,0,1
0,4608,38400,25,2400,16,1600,48,57.8,0,9600,2.083333333,288,33792,22.09579233,22.09579233,22.09579233,25652,88,0,0,0,0,0,0,0,0,0,0,0,1,0,0,0,0,0,1,0,0,0,0,0,0,0,1,0,0,0,0,0,0
0,65082,333333,8.03,35,9422,202620,-85891,61.25,10667,26767,0.411281153,7,257584,22.09579233,22.09579233,22.09579233,10787.69697,77.28,0,0,1,0,0,0,0,0,0,0,0,0,0,0,0,0,0,0,0,0,1,0,0,0,0,0,1,0,0,0,0,0
0,40559,500000,3.44,44,11397,294760,-11289,68.78,1600,17200,0.424073572,4,457841,53,121,4,25652,91.57,0,0,0,0,0,1,0,0,0,0,0,0,0,0,0,0,0,0,0,0,1,0,0,0,0,0,1,0,0,0,0,0
0,11040372,31833333,6.81,800,39792,40530000,1325331,25.75,30500000,2167850,0.196356608,277,1333333,7,411,5,14385,4.19,0,0,0,0,0,0,0,1,0,0,0,0,0,0,0,0,0,0,0,0,0,0,1,0,0,0,0,0,0,0,0,1
0,539184,333333,7.17,100,3333,1880000,178224,53.23,200000,23900,0.044326241,162,-405851,22.09579233,22.09579233,22.09579233,10787.69697,-121.76,0,1,0,0,0,0,0,0,0,0,0,0,0,0,0,0,0,0,0,0,0,0,1,0,0,0,0,0,0,0,0,1
0,23164,83333,20.32,5,16667,2850000,37905,35.98,50000,16933,0.007309798,1,10169,22.09579233,22.09579233,22.09579233,10787.69697,12.2,0,0,0,0,0,0,0,0,0,1,0,0,0,0,0,0,0,0,0,0,0,0,1,0,0,0,0,0,0,0,0,1
0,194312,916667,4.54,272,3372,1070000,30067,68.49,350167,41617,0.21417617,58,372188,22.09579233,22.09579233,22.09579233,10787.69697,40.6,0,0,0,0,0,1,0,0,0,0,0,0,0,0,0,0,0,0,1,0,0,0,0,0,0,0,0,0,0,0,1,0
0,614796,3500000,16.11,56,62500,954060,71173,58.87,1225000,563850,0.917133488,10,1660204,13,1534,6,119652,47.43,0,0,0,0,0,0,0,0,0,0,1,0,0,0,0,0,0,0,1,0,0,0,0,0,0,0,0,0,0,0,0,1
0,9424256,166666667,10.37,118,1409276,22720000,-3267136,48.31,90916667,17283333,1.833920152,7,66325744,19,830,4,63080,39.8,1,0,0,0,0,0,0,0,0,0,0,0,0,0,0,0,0,0,0,0,0,0,0,1,0,0,0,0,0,0,1,0
0,38408,250000,5.88,50,5000,163300,11496,54.41,150000,14700,0.382732764,8,61592,1,129,1,129,24.64,0,0,0,0,0,0,0,0,0,1,0,0,0,0,0,0,0,0,0,0,0,0,1,0,1,0,0,0,0,0,0,0
0,34672,333333,25.42,2,182299,34100000,-1080970,46.54,116667,84733,0.002443783,0,181994,39,171,5,33345,54.6,0,0,0,0,0,0,0,0,0,0,0,0,0,0,0,1,0,0,1,0,0,0,0,0,0,0,0,0,0,0,0,1
0,1726672,31250000,6.22,96,324792,6940000,-683590,61,11937500,1943750,1.125720461,5,17585828,4,485,3,5820,56.27,0,0,0,0,0,1,0,0,0,0,0,0,0,0,0,0,0,0,1,0,0,0,0,0,0,0,0,0,0,0,1,0
0,24034,333333,1.5,5240,64,400560,-45704,76.78,0,5000,0.208038612,376,309299,22.09579233,22.09579233,22.09579233,10787.69697,92.79,0,0,0,0,0,0,0,0,0,1,0,0,0,0,0,0,0,1,0,0,0,0,0,0,0,0,0,0,0,0,0,1
0,120638,833333,6.22,1955,418,484880,-28317,72.5,26667,51833,0.429657322,289,686028,22.09579233,22.09579233,22.09579233,10787.69697,82.32,0,0,0,0,0,0,0,0,0,1,0,0,0,0,0,0,0,0,0,1,0,0,0,0,0,0,1,0,0,0,0,0
0,82280,500000,2.53,29,17241,813040,-74149,57.62,300000,12650,0.153743316,5,117720,3,989,16,47472,23.54,0,0,0,0,0,0,0,0,0,0,0,0,1,0,0,0,0,0,0,0,0,0,1,0,0,0,0,0,1,0,0,0
