,customer,adspend,hardcosts,revenue,avg_polarity,avg_subjectivity,std_polarity,std_subjectivity,words,triggers,links,percentSocial,percentDisplay,percentSearchPaid,percentSearch,visits,monthlyVisitsChange,bounceRate,global,percentPaid,sales,adRevenue,cac,roas,profit,profitMargin,lpc,averageOrderValue,apparel,ecommerce,entrepreneurship,film,finance,fitness,health,marketing,nutrition,photography,productivity,realestate,self-development,skincare,technology,consulting,ecommerce,info,media,software,Youtube,facebook,instagram,linkedin,other,pinterest,quora,reddit,youtube
0,1,70000,5000000,9000000,0.219404762,0.37988095200000005,0.247699335,0.309339093,247.0,8.0,11.0,3.72,31.45,0.2165,5.74,12520000,528344,55.0,1270,0.353865,30303,8958189.977,0.038501394,127.9741425,3930000,0.436666667,21736.0,3006.7525769999997,0,0,0,0,0,0,0,1,0,0,0,0,0,0,0,0,0,0,0,1,0,0,0,0,0,0,0,0,1
1,1,210000,20000,630000,0.067752525,0.31898989899999997,0.33078267899999997,0.316208826,1163.0,13.0,7.0,11.37,0.72,0.0391,49.97,335740,27229,62.19,88504,0.12129100000000001,9130,514511.9652,138.9808074,2.450056977,400000,0.634920635,105833.0,9.700073721,0,0,0,0,0,1,0,0,0,0,0,0,0,0,0,0,0,1,0,0,0,0,0,0,0,0,0,0,1
2,1,54437,18666,583310,0.0,0.0,0.0,0.0,2140.0,55.0,2.0,14.88,0.27,2.29,27.94,86590,-35026,52.53,120191,0.1744,194,71747.13,280.0,1.317984643,510207,87.47,2198.0,996.8104066999999,0,0,1,0,0,0,0,0,0,0,0,0,0,0,0,0,0,1,0,0,0,0,0,0,0,0,0,0,1
3,1,126095,8000,250000,0.288006253,0.353014671,0.167824587,0.26698279,716.40625,8.84375,8.15625,14.02,0.0,0.0,47.28,147290,4448,50.8,211062,0.1402,25773,30575.0,5.0,0.24247591100000002,115905,46.36,10787.69697,297.0073294,0,0,0,0,0,0,0,0,0,0,0,0,1,0,0,0,0,0,1,0,0,0,0,0,0,0,0,0,1
4,1,139711,53333,1666667,0.34583333299999997,0.454166667,0.0,0.0,108.0,1.0,3.0,30.82,0.1,34.69,15.67,49999,-18005,81.64,5225501,0.6561,1672,1380500.0,84.0,9.881111723,1473623,88.42,113.0,1996.005988,0,0,1,0,0,0,0,0,0,0,0,0,0,0,0,0,0,1,0,0,0,1,0,0,0,0,0,0,0
5,1,220950,1726266,2877110,-0.060833332999999996,0.28,0.414298269,0.41254404899999997,716.40625,8.84375,8.15625,4.57,0.05,0.0,6.59,807270,-202140,50.84,5225501,0.0462,9687,112495.0,23.0,0.50914234,929894,32.32,10787.69697,98.9968321,0,0,1,0,0,0,0,0,0,0,0,0,0,0,0,0,0,0,0,1,0,1,0,0,0,0,0,0,0
6,1,100000,200000,333333,0.0,0.0,0.0,0.0,14.0,1.0,1.0,7.547941176,4.813529412,8.662811765,37.10882353,16700,2505,64.14,5225496,0.210242824,167,128367.0,599.0,1.28367,33333,10.0,17.0,296.99812280000003,0,1,0,0,0,0,0,0,0,0,0,0,0,0,0,0,0,0,0,1,0,0,0,0,0,0,0,0,1
7,1,218815,450000,750000,0.07236489900000001,0.271,0.12358428800000001,0.33136071899999997,71.0,2.0,1.0,12.05,1.92,18.35,5.43,1950000,309270,65.45,5225501,0.3232,7576,257550.0,29.0,1.177021685,81185,10.82,75.0,197.03645319999998,0,1,0,0,0,0,0,0,0,0,0,0,0,0,0,0,0,0,0,1,0,1,0,0,0,0,0,0,0
8,1,116155,12799,399984,0.10370384199999999,0.265691271,0.170835713,0.211942186,42.0,3.0,1.0,7.547941176,4.813529412,8.662811765,37.10882353,203000,-83230,54.0,270673,0.210242824,2030,151674.0,57.0,1.305789678,271030,67.76,47.0,999.96,0,0,1,0,0,0,0,0,0,0,0,0,0,0,0,0,0,1,0,0,0,1,0,0,0,0,0,0,0
9,1,521329,30399,949962,0.041987179000000006,0.032478632,0.099685155,0.07629372200000001,287.0,5.0,5.0,15.63,4.44,15.72,20.44,482210,111391,66.11,338734,0.3579,950,401834.0,549.0,0.6869667220000001,561427,59.01,298.0,39.98981151,0,0,0,0,0,1,0,0,0,0,0,0,0,0,0,0,0,1,0,0,0,1,0,0,0,0,0,0,0
10,1,97574,10752,336000,0.10370384199999999,0.265691271,0.170835713,0.211942186,716.40625,8.84375,8.15625,7.547941176,4.813529412,8.662811765,37.10882353,5600,-37078,57.0,2812988,0.210242824,56,111283.0,1742.0,1.140498493,227674,67.76,10787.69697,3000.0,0,0,1,0,0,0,0,0,0,0,0,0,0,0,0,0,0,1,0,0,0,1,0,0,0,0,0,0,0
11,1,45035,27475,78500,0.0,0.0,0.0,0.0,2485.0,15.0,5.0,7.547941176,4.813529412,8.662811765,37.10882353,52880,915,61.74,632196,0.210242824,1963,32279.0,23.0,0.716753636,5990,7.63,2506.0,799.3597122,0,0,0,0,0,1,0,0,0,0,0,0,0,0,0,0,1,0,0,0,0,1,0,0,0,0,0,0,0
12,1,60984,6720,210000,0.10370384199999999,0.265691271,0.170835713,0.211942186,716.40625,8.84375,8.15625,7.547941176,4.813529412,8.662811765,37.10882353,7000,-2520,59.0,2143456,0.210242824,70,73752.0,871.0,1.2093663909999999,143200,67.76,10787.69697,5000.0,0,0,1,0,0,0,0,0,0,0,0,0,0,0,0,0,0,1,0,0,0,1,0,0,0,0,0,0,0
13,1,65272,10667,333333,0.10370384199999999,0.265691271,0.170835713,0.211942186,124.0,1.0,2.0,24.99,2.62,3.27,16.23,431580,53386,59.16,101531,0.3088,417,74267.0,157.0,1.137807942,257394,77.22,128.0,497.0,0,0,0,1,0,0,0,0,0,0,0,0,0,0,0,0,0,1,0,0,0,0,0,0,0,0,0,0,1
14,1,198000,0,495000,0.10370384199999999,0.265691271,0.170835713,0.211942186,716.40625,8.84375,8.15625,7.547941176,4.813529412,8.662811765,37.10882353,9999,-2100,51.0,5225501,0.210242824,99,2158200.0,0.0,10.9,495000,100.0,10787.69697,44.9999027,0,0,0,0,0,0,0,1,0,0,0,0,0,0,0,1,0,0,0,0,0,0,0,0,0,0,0,0,1
15,1,14289,1574,49203,0.10370384199999999,0.265691271,0.170835713,0.211942186,135.0,3.0,1.0,7.547941176,4.813529412,8.662811765,37.10882353,9999,-2800,62.0,5225501,0.210242824,99,18510.0,144.0,1.295402058,33334,67.76,140.0,1994.299145,0,0,1,0,0,0,0,0,0,0,0,0,0,0,0,0,0,1,0,0,0,1,0,0,0,0,0,0,0
16,1,2332049,3237500,9250000,0.0,0.0,0.0,0.0,4808.0,0.0,11.0,11.78,15.02,37.09,31.35,1230000,229395,56.61,93743,0.6389,205556,5595325.0,11.0,2.399317081,3680451,39.79,4820.0,2976.190476,1,0,0,0,0,0,0,0,0,0,0,0,0,0,0,0,1,0,0,0,0,1,0,0,0,0,0,0,0
17,1,67760,7467,233333,0.10370384199999999,0.265691271,0.170835713,0.211942186,716.40625,8.84375,8.15625,7.547941176,4.813529412,8.662811765,37.10882353,11700,-3127,64.0,152564,0.210242824,117,84280.0,579.0,1.243801653,158106,67.76,10787.69697,792.0,0,1,0,0,0,0,0,0,0,0,0,0,0,0,0,0,0,1,0,0,0,1,0,0,0,0,0,0,0
18,1,36300,4000,125000,0.27777777800000003,0.41111111100000003,0.246956786,0.427164062,112.0,8.0,2.0,8.0,52.42,18.38,10.04,4200,-1260,65.0,4023789,0.7879999999999999,42,43900.0,865.0,1.2093663909999999,84700,67.76,123.0,5000.0,0,0,1,0,0,0,0,0,0,0,0,0,0,0,0,0,0,1,0,0,0,1,0,0,0,0,0,0,0
19,1,22767,2509,78408,0.10370384199999999,0.265691271,0.170835713,0.211942186,435.0,8.0,7.0,7.547941176,4.813529412,8.662811765,37.10882353,9999,-2400,66.0,5225501,0.210242824,99,29261.0,230.0,1.285237405,53132,67.39,451.0,6000.0,0,0,1,0,0,0,0,0,0,0,0,0,0,0,0,0,0,1,0,0,0,1,0,0,0,0,0,0,0
20,1,198000,0,495000,0.10370384199999999,0.265691271,0.170835713,0.211942186,716.40625,8.84375,8.15625,7.547941176,4.813529412,8.662811765,37.10882353,9999,-2800,57.0,5225501,0.210242824,99,2039400.0,0.0,10.3,495000,100.0,10787.69697,5000.0,0,0,0,0,0,0,0,1,0,0,0,0,0,0,0,1,0,0,0,0,0,0,0,0,0,0,0,0,1
21,1,31200,0,78000,0.10370384199999999,0.265691271,0.170835713,0.211942186,716.40625,8.84375,8.15625,7.547941176,4.813529412,8.662811765,37.10882353,1300,149,58.0,2515826,0.210242824,13,321360.0,0.0,10.3,78000,100.0,10787.69697,295.0899433,0,0,0,0,0,0,0,1,0,0,0,0,0,0,0,1,0,0,0,0,0,0,0,0,0,0,0,0,1
22,1,198000,0,495000,0.10370384199999999,0.265691271,0.170835713,0.211942186,716.40625,8.84375,8.15625,7.547941176,4.813529412,8.662811765,37.10882353,9999,-2600,59.0,5225501,0.210242824,99,1999800.0,0.0,10.1,495000,100.0,10787.69697,6395.833375,0,0,0,0,0,0,0,1,0,0,0,0,0,0,0,1,0,0,0,0,0,0,0,0,0,0,0,0,1
23,1,41924,0,416667,-0.4,0.7,5.55e-17,1.11e-16,716.40625,8.84375,8.15625,10.59,0.03,4.04,12.25,72160,284,52.3,195812,0.1466,1412,53417.0,27.0,1.274138918,374743,89.94,10787.69697,15.0,0,0,0,0,0,0,0,1,0,0,0,0,0,0,0,1,0,0,0,0,0,0,0,0,0,0,0,0,1
24,1,2558334,0,51166667,0.10370384199999999,0.265691271,0.170835713,0.211942186,716.40625,8.84375,8.15625,7.547941176,4.813529412,8.662811765,37.10882353,800000,-243000,61.0,2480630,0.210242824,8000,6140000.0,320.0,2.399999375,45026667,88.0,10787.69697,1997.0,0,0,0,0,1,0,0,0,0,0,0,0,0,0,0,1,0,0,0,0,0,0,0,0,1,0,0,0,0
25,1,15000,48,1485,-0.07370370400000001,0.294814815,0.311872195,0.37788379,716.40625,8.84375,8.15625,7.547941176,4.813529412,8.662811765,37.10882353,9999,320,58.0,5225501,0.210242824,99,1485.0,152.0,0.099,-13563,-9.13,10787.69697,1250.0,0,0,0,0,0,0,0,0,0,0,0,0,0,0,1,0,0,1,0,0,0,1,0,0,0,0,0,0,0
26,1,57413,6326,197703,0.10370384199999999,0.265691271,0.170835713,0.211942186,2776.0,61.0,7.0,7.547941176,4.813529412,8.662811765,37.10882353,9999,-1700,73.0,1633406,0.210242824,99,71410.0,580.0,1.2437949590000001,133964,67.76,2845.0,499.7496252,0,0,0,0,1,0,0,0,0,0,0,0,0,0,0,0,0,1,0,0,0,1,0,0,0,0,0,0,0
27,1,37125,74250,123750,0.10370384199999999,0.265691271,0.170835713,0.211942186,629.0,11.0,7.0,7.547941176,4.813529412,8.662811765,37.10882353,9999,1499,67.65,5225501,0.210242824,99,39711.0,375.0,1.069656566,12375,10.0,648.0,5000.0,0,1,0,0,0,0,0,0,0,0,0,0,0,0,0,0,0,0,0,1,0,1,0,0,0,0,0,0,0
28,1,133333,0,333333,0.10370384199999999,0.265691271,0.170835713,0.211942186,716.40625,8.84375,8.15625,7.547941176,4.813529412,8.662811765,37.10882353,66700,-23345,65.0,5225501,0.210242824,667,1266665.0,0.0,9.50001125,333333,100.0,10787.69697,16666.65,0,0,0,0,0,0,0,1,0,0,0,0,0,0,0,1,0,0,0,0,0,0,0,0,0,0,0,0,1
29,1,198000,0,495000,0.10370384199999999,0.265691271,0.170835713,0.211942186,1179.0,11.0,3.0,7.547941176,4.813529412,8.662811765,37.10882353,9999,-3600,66.0,5225501,0.210242824,99,1861200.0,0.0,9.4,495000,100.0,1194.0,2000.0,0,0,0,0,0,0,0,1,0,0,0,0,0,0,0,1,0,0,0,0,0,0,0,0,0,0,0,0,1
30,0,238224,0,333333,0.189511785,0.374074074,0.198356528,0.318391448,67.0,2.0,1.0,1.96,0.03,0.05,56.48,7190000,-481730,51.23,4315,0.0204,20,1247311.0,5245.0,5.2358746389999995,228442,68.53,71.0,2000.0,0,0,0,0,0,0,0,1,0,0,0,0,0,0,0,1,0,0,0,0,0,0,0,0,0,0,0,0,1
31,0,79200,0,198000,0.10370384199999999,0.265691271,0.170835713,0.211942186,716.40625,8.84375,8.15625,7.547941176,4.813529412,8.662811765,37.10882353,9999,-3800,68.0,5225501,0.210242824,99,728640.0,0.0,9.2,198000,100.0,10787.69697,3333.34,0,0,0,0,0,0,0,1,0,0,0,0,0,0,0,1,0,0,0,0,0,0,0,0,0,0,0,0,1
32,0,5200,0,26000,0.12393939400000001,0.405454545,0.346221437,0.329749467,716.40625,8.84375,8.15625,7.547941176,4.813529412,8.662811765,37.10882353,1300,-507,69.0,3997335,0.210242824,13,36920.0,0.0,7.1,26000,100.0,10787.69697,2854.856115,0,0,0,0,0,0,0,0,0,0,0,0,0,0,1,1,0,0,0,0,0,0,0,0,0,0,0,0,1
33,0,66667,0,166667,0.10370384199999999,0.265691271,0.170835713,0.211942186,716.40625,8.84375,8.15625,7.547941176,4.813529412,8.662811765,37.10882353,5000,-2000,70.0,2799111,0.210242824,50,600003.0,0.0,9.0,166667,100.0,10787.69697,33.0,0,0,0,0,0,0,0,1,0,0,0,0,0,0,0,1,0,0,0,0,0,0,0,0,0,0,0,0,1
34,0,166845,0,396825,0.10370384199999999,0.265691271,0.170835713,0.211942186,716.40625,8.84375,8.15625,1.6,31.75,1.49,73.58,52670,-25466,77.11,107923,0.3484,139,1430554.0,58.0,8.57414966,388710,97.96,10787.69697,297.0001539,0,0,0,0,0,0,0,1,0,0,0,0,0,0,0,1,0,0,0,0,0,0,0,0,0,0,1,0,0
35,0,135545,116667,333333,0.074325397,0.204325397,0.108119855,0.287885391,20.0,0.0,20.0,8.47,0.83,1.49,46.66,232230,-32652,52.63,391835,0.1079,10101,90799.09199999999,13.0,0.66988153,81121,24.33,41.0,210.08403360000003,1,0,0,0,0,0,0,0,0,0,0,0,0,0,0,0,1,0,0,0,0,1,0,0,0,0,0,0,0
36,0,975490,27795650,46326084,0.333526936,0.48759259299999996,0.276554057,0.27988252,52.0,4.0,1.0,1.0,0.02,20.05,4.72,3040000,64144,53.02,19323,0.2107,155980,11664907.95,6.0,11.95799849,17554944,37.89,58.0,2000.0,0,0,0,0,0,0,0,1,0,0,0,0,0,0,0,0,0,0,0,1,0,1,0,0,0,0,0,0,0
37,0,100000,0,250000,0.10370384199999999,0.265691271,0.170835713,0.211942186,858.0,25.0,6.0,7.547941176,4.813529412,8.662811765,37.10882353,12500,-3750,75.0,5151584,0.210242824,125,850000.0,0.0,8.5,250000,100.0,890.0,68027.14286,0,0,0,0,0,0,0,1,0,0,0,0,0,0,0,1,0,0,0,0,0,0,0,0,0,0,0,0,1
38,0,14097,13333,416667,0.146296296,0.377592593,0.37851428299999995,0.34133334600000004,716.40625,8.84375,8.15625,3.19,0.0,0.0,45.26,109450,-27461,76.1,133722,0.0319,27779,7667.0,0.5,0.543874583,389237,93.42,10787.69697,50.0,0,0,1,0,0,0,0,0,0,0,0,0,0,0,0,0,0,1,0,0,0,1,0,0,0,0,0,0,0
39,0,11979,0,476190,0.028333333,0.035,0.106013626,0.13095800900000001,268.0,2.0,2.0,5.64,0.0,0.0,26.63,72510,94,65.11,335825,0.0564,7,11238.083999999999,1711.0,0.93814876,464211,97.48,273.0,2000.0,0,0,0,0,0,0,0,0,0,0,0,1,0,0,0,1,0,0,0,0,0,0,0,0,0,0,0,0,1
40,0,1372626,66664,2083250,0.292904762,0.590634921,0.34570575,0.230272632,716.40625,8.84375,8.15625,5.97,0.61,1.72,68.49,33300000,-267300,71.3,8416,0.083,41665,162285.175,33.0,0.118229711,643960,30.9,10787.69697,5555.533332999999,0,0,0,0,0,0,1,0,0,0,0,0,0,0,0,0,0,1,0,0,0,1,0,0,0,0,0,0,0
41,0,79200,0,198000,0.10370384199999999,0.265691271,0.170835713,0.211942186,716.40625,8.84375,8.15625,7.547941176,4.813529412,8.662811765,37.10882353,9999,-3000,79.0,5225501,0.210242824,99,641520.0,0.0,8.1,198000,100.0,10787.69697,2994.9056600000004,0,0,0,0,0,0,0,1,0,0,0,0,0,0,0,1,0,0,0,0,0,0,0,0,0,0,0,0,1
42,0,33333,0,83333,0.10370384199999999,0.265691271,0.170835713,0.211942186,716.40625,8.84375,8.15625,7.547941176,4.813529412,8.662811765,37.10882353,1500,-450,80.0,5225501,0.210242824,15,266667.0,0.0,8.000090001,83333,100.0,10787.69697,2400.0,0,0,0,0,0,0,0,1,0,0,0,0,0,0,0,1,0,0,0,0,0,0,0,0,0,0,0,0,1
43,0,63492,0,158730,0.41666666700000005,0.6083333329999999,0.0,0.0,209.0,0.0,3.0,7.547941176,4.813529412,8.662811765,37.10882353,5300,-1590,81.0,1071764,0.210242824,53,482539.0,0.0,7.59999685,158730,100.0,627.0,35.3781575,0,0,0,0,0,0,0,1,0,0,0,0,0,0,0,1,0,0,0,0,0,0,0,0,0,0,0,0,1
44,0,4608,0,38400,0.10370384199999999,0.265691271,0.170835713,0.211942186,716.40625,8.84375,8.15625,7.547941176,4.813529412,8.662811765,37.10882353,1600,48,57.8,1136119,0.210242824,16,9600.0,288.0,2.083333333,33792,88.0,25652.0,43.87119417,0,0,0,0,0,0,0,0,0,1,0,0,0,0,0,1,0,0,0,0,0,0,1,0,0,0,0,0,0
45,0,65082,10667,333333,0.066666667,0.133333333,0.16996731699999998,0.33993463399999996,716.40625,8.84375,8.15625,10.16,0.0,0.5,55.81,202620,-85891,61.25,159652,0.1066,9422,26767.0,7.0,0.41128115299999995,257584,77.28,10787.69697,799.9932901000001,0,0,1,0,0,0,0,0,0,0,0,0,0,0,0,0,0,0,1,0,0,0,0,1,0,0,0,0,0
46,0,40559,1600,500000,0.053333333,0.132777778,0.107186235,0.192076052,121.0,4.0,53.0,2.25,0.0,0.0,87.14,294760,-11289,68.78,208469,0.0225,11397,17200.0,4.0,0.424073572,457841,91.57,25652.0,100.009901,0,0,0,0,0,1,0,0,0,0,0,0,0,0,0,0,0,0,1,0,0,0,0,1,0,0,0,0,0
47,0,539184,200000,333333,0.147333333,0.316793651,0.144336028,0.297229203,716.40625,8.84375,8.15625,5.11,0.36,19.48,4.03,1880000,178224,53.23,21969,0.2495,3333,23900.0,162.0,0.044326240999999995,-405851,-121.76,10787.69697,271.8466785,0,1,0,0,0,0,0,0,0,0,0,0,0,0,0,0,0,0,0,1,0,0,0,0,0,0,0,0,1
48,0,23164,50000,83333,0.42128367,0.585488215,0.101275244,0.103288114,716.40625,8.84375,8.15625,6.29,1.38,1.83,5.53,2850000,37905,35.98,5644,0.095,16667,16933.0,1.0,0.007309798,10169,12.2,10787.69697,56.0,0,0,0,0,0,0,0,1,0,0,0,0,0,0,0,0,0,0,0,1,0,0,0,0,0,0,0,0,1
49,0,194312,350167,916667,0.22685858600000003,0.40731168799999995,0.293048637,0.291406464,716.40625,8.84375,8.15625,3.27,0.32,2.11,73.18,1070000,30067,68.49,51033,0.057,3372,41617.0,58.0,0.21417617,372188,40.6,10787.69697,118.26403559999999,0,0,0,0,0,1,0,0,0,0,0,0,0,0,0,0,1,0,0,0,0,0,0,0,0,0,0,1,0
50,0,614796,1225000,3500000,-0.03821164,0.25367195800000003,0.314916002,0.294395315,1534.0,6.0,13.0,7.24,1.24,16.04,12.12,954060,71173,58.87,71767,0.2452,62500,563850.0,10.0,0.9171334879999999,1660204,47.43,119652.0,50.0,0,0,0,0,0,0,0,0,1,0,0,0,0,0,0,0,1,0,0,0,0,0,0,0,0,0,0,0,1
51,0,38408,150000,250000,0.130833333,0.201666667,0.265805032,0.21426446100000002,129.0,1.0,1.0,3.28,0.0,3.37,56.56,163300,11496,54.41,59545,0.0665,5000,14700.0,8.0,0.382732764,61592,24.64,129.0,96.21542403,0,0,0,0,0,0,0,1,0,0,0,0,0,0,0,0,0,0,0,1,0,1,0,0,0,0,0,0,0
52,0,34672,116667,333333,0.038888888999999996,0.212222222,0.285671183,0.35514559700000004,171.0,5.0,39.0,2.6,9.49,33.11,39.42,34100000,-1080970,46.54,1595,0.452,182299,84733.0,0.0,0.0024437829999999997,181994,54.6,33345.0,5208.328125,0,0,0,0,0,0,0,0,0,0,0,0,0,1,0,0,1,0,0,0,0,0,0,0,0,0,0,0,1
53,0,1726672,11937500,31250000,-0.000637755,0.26411564600000004,0.16221185400000002,0.29312728,485.0,3.0,4.0,4.34,0.12,1.69,61.53,6940000,-683590,61.0,1802,0.0615,324792,1943750.0,5.0,1.125720461,17585828,56.27,5820.0,1993.6196170000003,0,0,0,0,0,1,0,0,0,0,0,0,0,0,0,0,1,0,0,0,0,0,0,0,0,0,0,1,0
54,0,24034,0,333333,0.073333333,0.091111111,0.16918103399999998,0.201647535,716.40625,8.84375,8.15625,0.78,0.03,0.0,78.47,400560,-45704,76.78,45436,0.0081,64,5000.0,376.0,0.20803861199999998,309299,92.79,10787.69697,29.00063801,0,0,0,0,0,0,0,1,0,0,0,0,0,0,0,1,0,0,0,0,0,0,0,0,0,0,0,0,1
55,0,120638,26667,833333,0.143804714,0.23126262600000003,0.15809218,0.2072353,716.40625,8.84375,8.15625,2.73,0.01,7.09,68.7,484880,-28317,72.5,37604,0.0983,418,51833.0,289.0,0.429657322,686028,82.32,10787.69697,1993.62,0,0,0,0,0,0,0,1,0,0,0,0,0,0,0,0,0,1,0,0,0,0,0,1,0,0,0,0,0
56,0,82280,300000,500000,0.0,0.0,0.0,0.0,989.0,16.0,3.0,2.35,0.08,0.21,45.4,813040,-74149,57.62,15252,0.0264,17241,12650.0,5.0,0.153743316,117720,23.54,47472.0,29.01,0,0,0,0,0,0,0,0,0,0,1,0,0,0,0,0,0,0,0,1,0,0,0,0,0,1,0,0,0
57,0,50000,18000,100000,0.386507937,0.5579365079999999,0.28871877100000004,0.3702281,69.0,0.0,2.0,38.77,1.28,0.64,22.19,171560,-41723,55.65,249212,0.4069,143,99365.38902999999,350.0,1.987307781,32000,0.32,138.0,697.0,0,0,0,0,0,0,0,0,0,0,0,0,0,0,1,0,0,1,0,0,1,0,0,0,0,0,0,0,0
58,0,12500000,12000000,33000000,0.13179945099999998,0.427747253,0.15339065,0.325543925,277.0,12.0,1.0,6.9,3.47,27.46,20.85,111000000,7536900,34.35,232,0.3783,300000,33024231.93,42.0,2.641938555,8500000,0.257575758,3324.0,110.0,0,0,0,0,0,0,0,0,0,0,0,0,0,0,1,0,0,1,0,0,1,0,0,0,0,0,0,0,0
